title,artist
I AM,IVE (아이브)
Kitsch,IVE (아이브)
UNFORGIVEN (feat. Nile Rodgers),LE SSERAFIM (르세라핌)
꽃,지수 (JISOO)
손오공,세븐틴 (SEVENTEEN)
파이팅 해야지 (Feat. 이영지),부석순 (SEVENTEEN)
Ditto,NewJeans
Hype boy,NewJeans
사람 Pt.2 (feat. 아이유),Agust D
OMG,NewJeans
FRIEND THE END,볼빨간사춘기
Teddy Bear,STAYC(스테이씨)
사랑은 늘 도망가,임영웅
F*ck My Life,세븐틴 (SEVENTEEN)
사건의 지평선,윤하 (YOUNHA)
물론,허각
I Don't Think That I Like Her,Charlie Puth
헤어지자 말해요,박재정
우리들의 블루스,임영웅
CHRISTIAN,Zior Park
빛이 나는 너에게,던 (DAWN)
심(心),DK(디셈버)
After LIKE,IVE (아이브)
다시 만날 수 있을까,임영웅
ANTIFRAGILE,LE SSERAFIM (르세라핌)
London Boy,임영웅
Like Crazy,지민
Attention,NewJeans
Polaroid,임영웅
이제 나만 믿어요,임영웅
Love Me Like This,NMIXX
Heaven(2023),임재현
LOVE DIVE,IVE (아이브)
무지개,임영웅
Cupid,FIFTY FIFTY
아버지,임영웅
먼지,세븐틴 (SEVENTEEN)
Dangerously,Charlie Puth
NIGHT DANCER,imase
A bientot,임영웅
사랑하지 않아서 그랬어,임한별
인생찬가,임영웅
April shower,세븐틴 (SEVENTEEN)
손이 참 곱던 그대,임영웅
나의 바람 (Wind And Wish),비투비
사랑인가 봐,멜로망스
사랑해 진짜,임영웅
연애편지,임영웅
Fire,세븐틴 (SEVENTEEN)
I Don't Understand But I Luv U,세븐틴 (SEVENTEEN)
사랑하기 싫어,지아
Dynamite,방탄소년단
너의 모든 순간,성시경
보금자리,임영웅
가질 수 없는 너,#안녕
KNOCK,이채연
Nostalgia,우디 (Woody)
봄날,방탄소년단
밤이 무서워요 (Lonely Night),주주 시크릿
Candy,NCT DREAM
건물 사이에 피어난 장미 (Rose Blossom),H1-KEY (하이키)
Butter,방탄소년단
해요 (2022),#안녕
Nxde,(여자)아이들
Perfume,NCT 도재정
That's Hilarious,Charlie Puth
VIBE (feat. Jimin of BTS),태양
STAY,"The Kid LAROI, Justin Bieber"
발걸음,DK(디셈버)
FEARLESS,LE SSERAFIM (르세라핌)
HOT,세븐틴 (SEVENTEEN)
Monologue,테이
Shut Down,BLACKPINK
ELEVEN,IVE (아이브)
취중고백,김민석 (멜로망스)
on the street (with J. Cole),"j-hope, J. Cole"
Say I Love You,우디 (Woody)
Pink Venom,BLACKPINK
Permission to Dance,방탄소년단
안녕이라고 말하지마,V.O.S
새삥 (Prod. ZICO) (Feat. 호미들),지코 (ZICO)
내가 아니라도,주호
TOMBOY,(여자)아이들
나비무덤,포맨 (4MEN)
Zero,NewJeans
너를 보는게 지친 하루에,송하예
다정히 내 이름을 부르면,"경서예지, 전건호"
그때 그 순간 그대로 (그그그),WSG워너비 (가야G)
그라데이션,10CM
정이라고 하자 (Feat. 10CM),BIG Naughty (서동현)
다시 사랑한다면,한동근
Set Me Free Pt.2,지민
Cookie,NewJeans
오르트구름,윤하 (YOUNHA)
해금,Agust D
Say My Name,Say Yes!
"모든 날, 모든 순간 (Every day, Every Moment)",폴킴
나의 마음에 (Seed),태양
빙글빙글 (Prod. R.Tee),헤이즈 (Heize)
그중에 그대를 만나,김호중
