title,singer
I AM,IVE (아이브)
Kitsch,IVE (아이브)
꽃,지수 (JISOO)
손오공,세븐틴 (SEVENTEEN)
파이팅 해야지 (Feat. 이영지),부석순 (SEVENTEEN)
Ditto,NewJeans
Hype boy,NewJeans
사람 Pt.2 (feat. 아이유),Agust D
OMG,NewJeans
F*ck My Life,세븐틴 (SEVENTEEN)
Teddy Bear,STAYC(스테이씨)
FRIEND THE END,볼빨간사춘기
사랑은 늘 도망가,임영웅
사건의 지평선,윤하 (YOUNHA)
I Don't Think That I Like Her,Charlie Puth
CHRISTIAN,Zior Park
우리들의 블루스,임영웅
After LIKE,IVE (아이브)
심(心),DK(디셈버)
빛이 나는 너에게,던 (DAWN)
다시 만날 수 있을까,임영웅
물론,허각
London Boy,임영웅
먼지,세븐틴 (SEVENTEEN)
Like Crazy,지민
Attention,NewJeans
Love Me Like This,NMIXX
Polaroid,임영웅
ANTIFRAGILE,LE SSERAFIM (르세라핌)
헤어지자 말해요,박재정
이제 나만 믿어요,임영웅
무지개,임영웅
Cupid,FIFTY FIFTY
LOVE DIVE,IVE (아이브)
사랑하지 않아서 그랬어,임한별
아버지,임영웅
April shower,세븐틴 (SEVENTEEN)
NIGHT DANCER,imase
Dangerously,Charlie Puth
Fire,세븐틴 (SEVENTEEN)
I Don't Understand But I Luv U,세븐틴 (SEVENTEEN)
인생찬가,임영웅
A bientot,임영웅
손이 참 곱던 그대,임영웅
사랑해 진짜,임영웅
연애편지,임영웅
Dynamite,방탄소년단
Heaven(2023),임재현
사랑인가 봐,멜로망스
사랑하기 싫어,지아
보금자리,임영웅
Zero,NewJeans
Nostalgia,우디 (Woody)
봄날,방탄소년단
너의 모든 순간,성시경
밤이 무서워요 (Lonely Night),주주 시크릿
Perfume,NCT 도재정
건물 사이에 피어난 장미 (Rose Blossom),H1-KEY (하이키)
가질 수 없는 너,#안녕
Candy,NCT DREAM
HOT,세븐틴 (SEVENTEEN)
Butter,방탄소년단
발걸음,DK(디셈버)
on the street (with J. Cole),"j-hope, J. Cole"
Nxde,(여자)아이들
해요 (2022),#안녕
Say I Love You,우디 (Woody)
That's Hilarious,Charlie Puth
VIBE (feat. Jimin of BTS),태양
STAY,"The Kid LAROI, Justin Bieber"
Permission to Dance,방탄소년단
Monologue,테이
너를 보는게 지친 하루에,송하예
Shut Down,BLACKPINK
ELEVEN,IVE (아이브)
새삥 (Prod. ZICO) (Feat. 호미들),지코 (ZICO)
취중고백,김민석 (멜로망스)
해금,Agust D
Pink Venom,BLACKPINK
KNOCK,이채연
나비무덤,포맨 (4MEN)
Set Me Free Pt.2,지민
TOMBOY,(여자)아이들
정이라고 하자 (Feat. 10CM),BIG Naughty (서동현)
그라데이션,10CM
내가 아니라도,주호
다시 사랑한다면,한동근
FEARLESS,LE SSERAFIM (르세라핌)
Say My Name,Say Yes!
Cookie,NewJeans
다정히 내 이름을 부르면,"경서예지, 전건호"
그때 그 순간 그대로 (그그그),WSG워너비 (가야G)
오르트구름,윤하 (YOUNHA)
안녕이라고 말하지마,V.O.S
나의 마음에 (Seed),태양
그중에 그대를 만나,김호중
That’s Not How This Works (feat. Dan + Shay),Charlie Puth
"모든 날, 모든 순간 (Every day, Every Moment)",폴킴
빙글빙글 (Prod. R.Tee),헤이즈 (Heize)
결국엔 너에게 닿아서,WSG워너비 (가야G)
