제목,조회수
고멤들 스트리머 데뷔 시켰습니다.,조회수 98회
마크도 계급사회다. 눕은 눕끼리 살아야 합니다.,조회수 22만회
거울 상대로 이겨보려고 했던 썰,조회수 64만회
레디 오어 낫을 해보았습니다,조회수 21만회
고세구의 괴담 읽기 - 이세돌 핫클립,조회수 2.4만회
제발 과몰입 하지 마 그냥 콘텐츠야! | 트위치 클립 일일 하이라이트 | 클립라이트,조회수 10만회
금칙어 게임 방심하면 훅 간다 ㅋㅋㅋㅋㅋㅋ,조회수 16만회
눕프핵을 5단계로 쪼개보면 어떻게 될까? - 마인크래프트 눕계프국해,조회수 11만회
금칙어 말하면 죽는 게임; 미친 심리전 레전드ㅋㅋㅋㅋ,조회수 48만회
제 나무위키를 보았습니다,조회수 58만회
생일선물로 항공모함을 받았습니다 - 치즐 건콘 생일편 풀버전,조회수 135만회
몸으로 말해요 ㅋㅋㅋㅋㅋㅋㅋㅋㅋㅋㅋㅋㅋ,조회수 34만회
올해도 고멤가요제 합니다 ???,조회수 3만회
편집 영상에선 안 나온 레전드 장면들을 보실 수 있습니다,조회수 134만회
나무위키 랜덤 문서로 무조건 노가리 해야 되는 컨텐츠 ㅋㅋㅋ,조회수 11만회
좁은 길에서 피지컬로 5명 상대하는 마피아 ㅋㅋㅋㅋㅋ,조회수 50만회
아빠가 되었습니다 - 우왁굳 핫클립,조회수 48만회
6년만에 조명받은 택티컬 우왁굳의 스와트 전술,조회수 405만회
짭치를 찾아라,조회수 177만회
물리면 좀비가 된다. 감염게임,조회수 32만회
마을버스 기사가 되었습니다 (VR챗 상황극 콘테스트),조회수 50만회
개 빡치게 어려운 점프게임 - 점프킹 풀버전,조회수 48만회
이게.. 여자들이라고?? 진짜 남자는 1명 #Shorts,조회수 405만회
마크도 계급사회다. 눕은 눕끼리 살아야 합니다.,조회수 177만회
기분좋게 퍼즐 푸는 법 #Shorts,조회수 119만회
거울 상대로 이겨보려고 했던 썰,조회수 13만회
대놓고 바람피는 걸 아내에게 알렸을 때 #Shorts,조회수 67만회
눕프로해커 이외에 2개의 계급을 더 만들었습니다 - 마인크래프트 눕계프국해,조회수 41만회
뉴비가 고수를 못 이기는 이유 #shorts,조회수 149만회
갑분 에스유뷔 - 우왁굳 반응,조회수 5.2만회
고장난 시계,조회수 125만회
핵피엔딩 생존자들 실시간 반응,조회수 15만회
우왁굳과 같이보는 왁컬로이드 콘서트 + 감상평 | PARADOX,조회수 11만회
주제 주어지면 억지로 노가리 해야 되는 컨텐츠,조회수 27만회
혜지니스,조회수 32만회
남반구 섬에 놀러 갔습니다 - 동숲 3일차 풀버전,조회수 70만회
주스 서빙하는 똥겜,조회수 57만회
명왁컬로이드 족보 풉니다 | 풍문으로 들었니? - 우왁굳 반응,조회수 35만회
우왁굳 vs ChatGPT 고집대결 ㅋㅋㅋㅋㅋㅋㅋㅋㅋㅋㅋ,조회수 14만회
애기 플래그 전문가 우왁굳,조회수 75만회
우왁굳 방송에 가장 어울리는 게임,조회수 1.8만회
제두 - 우왁굳의 리그오브레전드 하이라이트 제드,조회수 16만회
전설의 그 예능... 재현했습니다.,조회수 64만회
왁트모르즈비의 밤 - 마인크래프트 초 대규모 도시 건설 초 장기 프로젝트 왁트모르즈비 9화,조회수 86만회
그 시절.. | 일본 점프만화 역대 순위 top3,조회수 97만회
히든 스테이지 왁물원 맵 오픈? 폭탄 난사 빌드로...,조회수 45만회
몸으로 말해요 ㅋㅋㅋㅋㅋㅋㅋㅋㅋㅋㅋㅋㅋ,조회수 55만회
[우왁굳 반응영상] 4월 셋째주 왁타버스 뮤직 주간차트 TOP100,조회수 9.1만회
이딴 그림도 산다고? - 파스파투2,조회수 101만회
같은반 친구와 친해질 수 있는 질문 #shorts,조회수 11만회
"""요즘 애들은 버릇이 없다"" 수천년 동안 반복돼 오던 말? - 왁굳의 노가리",조회수 21만회
고멤 아카데미에 전학생이 왔습니다,조회수 48만회
몬티홀의 역설을 아십니까? - 왁굳의 노가리,조회수 42만회
스파이더맨 화면에서 나오는 줄 알았음 - 마인크래프트 배치고사 시즌3,조회수 9.1만회
편의점 알바하면 찾아오는 진상들이 한 번에 다 온다면? ㅋㅋㅋ - VR챗 상황극,조회수 4.7만회
고멤들의 첫 케미를 볼 수 있는 영상 - VR챗 어몽어스 풀영상,조회수 5.1만회
이야... 이 집(?)을 살리네 ㅋㅋㅋㅋㅋ - 마인크래프트 해커의 손길,조회수 5.2만회
머리카락 자르려다 손님 머리 터트렸습니다,조회수 12만회
VR챗 새벽 7시간 고민 상담 - 우왁굳 풀영상,조회수 8.1만회
나한테만 다이아 30개 넘게 나옴ㅋㅋㅋㅋㅋㅋ 천양이 빡침 ㅋㅋ - 마을을 빼앗겼습니다 - 엔더드래곤을 잡는 그날까지 3화 (엔잡그3화) / 마인크래프트,조회수 15만회
전세계 버튜버 3위 비챤?? - 이세돌 핫클립,조회수 2.6만회
히키킹의 편지를 읽고 박장대소한 우왁굳 (나이트댄서 커버 우왁굳 반응),조회수 4.6만회
"비상 ) 그 분 기상, 방송을 지켜야한다.",조회수 4.1만회
고멤마을 1일차 풀영상,조회수 74만회
오늘도 평화로운 리버티시티 #shorts,조회수 7.2만회
부대내 골칫거리 병사가 전쟁에서 일내다?! - 마운트 앤 블레이드에서 일어난 일,조회수 87만회
유튜브 시작하면 얼마나 벌 수 있는지 알려주는 테스트?,조회수 86만회
코스프레 행사장에 나타난 왁굳님 -고간다,조회수 97만회
형 썸녀랑 카톡하는데 분위기가 이상해 진단 좀 해줘... - 우왁굳의 카톡정밀진단,조회수 45만회
핵피엔딩,조회수 55만회
우왁굿 (우왁굳 반응) - 2022 연말공모전,조회수 101만회
프리터 - KICK BACK COVER,조회수 4만회
"메시VS비욘세, 우왁굳VS이니에스타? | 전세계 인지도 대결 노가리",조회수 52만회
폐급병사의 반란 #Shorts,조회수 50만회
여자들은 왜 너드남을 좋아하는걸까 - 왁굳의 노가리,조회수 91만회
어라..? 이게.. 와타시...?,조회수 3만회
"사라진 경찰, 미제 실종사건의 비밀은? (VR챗 상황극 콘테스트)",조회수 27만회
지진에서 살아남는 게임 - 절체절명도시4+ 풀버전,조회수 125만회
개 웃긴 금칙어 게임,조회수 11만회
얘들 왜 이러고 있어? ㅋㅋㅋㅋ,조회수 5.3만회
군필특 #Shorts,조회수 13만회
100대100 대규모 전쟁 홀드패스트 웃긴 하이라이트 모음집 1화 - 지상전,조회수 36만회
고멤 중 2명이 노예입니다.,조회수 6만회
"""내려""",조회수 91만회
일본 아르바이트 시절 풀압축 노가리 - 왁굳의 노가리,조회수 72만회
우왁굳의 동물의숲 1일차 풀버전,조회수 921만회
납치 당했습니다 - VR챗 상황극,조회수 19만회
왁파트 옆에 빌라촌이 생겼습니다 - 마인크래프트 왁파트 12화,조회수 55만회
인기가 없으면 망령이 된다 - 고정멤버 시즌4 숙청의 날,조회수 82만회
중세 짭배그? 검을 들고 하는 배틀로얄 게임! 매판 매판이 띵경기 - 몰드하우,조회수 37만회
생일선물로 항공모함을 받았습니다 - 치즐 건콘 생일편 풀버전,조회수 101만회
"우왁굳, 35세",조회수 28만회
아마최와 모텔에서...,조회수 203만회
초보의 집을 고수가 리모델링 해 준다면? - 마인크래프트 '해커의 손길',조회수 25만회
여자들이 싫어하는 남자 - 왁굳의 노가리,조회수 100만회
VR을 이용한 사기 #Shorts,조회수 204만회
스즈메의 문단속?? 다이진!! [3D애니메이션] 히키킹 생일기념 커버곡 예고편,조회수 68만회
다른 사람 눈치 보는 게임 - 쿠키요미,조회수 16만회
히키킹오빠의 진심모드,조회수 8.3만회
우왁굳 쩝쩝소리 따라하는 르르땅,조회수 15만회
"화려하게 ~ - 마인크래프트 눕프로해커 ""귀멸의칼날 유곽 편""",조회수 15만회
집에 히노키탕을 지었습니다 - 마인크래프트 고멤마을 2일차,조회수 18만회
찐따를 만나다 - [우왁굳의 오버워치 플레이],조회수 97만회
간수의 눈을 속여라! vs 죄수의 탈출을 막아라! - 감옥탈출 고멤합방,조회수 19만회
레전드 만갈통에 사고가 정지해버린 우왁굳,조회수 18만회
(우왁굳 반응)[ 2022년 연말공모전 ] OYT - 당나귀같은그녀,조회수 149만회
저 탈옥수 아닌데요..? 저 의사에요 - VR챗 상황극,조회수 7.2만회
[우왁굳 반응] 나의 청춘들에게 - 도파민 박사 (ft. 곽춘식),조회수 43만회
제 9회 VR챗 상황극 콘테스트 시상식,조회수 21만회
아르마3 랜덤고지전 감독판 (오리지날 컷 8분 추가),조회수 3.1만회
우왁굳 낯선여자와 썸타고 우결찍는다?! - 오버워치 쓰레기촌에서 있었던일 上편 (정커타운),조회수 58만회
미니모르즈비가 관에 들어간 날,조회수 119만회
교수님 우왁굳도 보시나보네 ㅋㅋ | 융터르 커버 #shorts,조회수 6.4만회
강도가 들었을 때 대처법 - 왁굳의 노가리,조회수 36만회
만화책을 보고 계신게 아니라 마인크래프트 입니다. - 눕프로해커 원펀맨 가로우,조회수 10만회
어떠한 영상도 남아 있지 않은 전설의 컨텐츠..,조회수 5.7만회
